Model,MAE,RMSE,MAPE
Prophet,14973.0,17478.0,17.86
Random Forest,15666.00736988822,18754.417095206103,19.27155288558301
XGBoost,17775.027123958334,21467.269294858343,21.212540635415998
Linear Regression,18380.342053759065,20925.46182442197,21.86630311644439
"ARIMA(1,1,1)",31095.0,37098.0,34.95
